storeName,rating,reviewNum,openTime,closeTime,cheapestDrink,expensiveDrink,drinkAvg,cheapestFood,expensiveFood,foodAvg,cityName,address,mostPopular,secondPopular,thirdPopular,fourthPopular,fifthPopular,otherBases
Boba Haus Cafe,4.3,1525,10:00 AM,7:00 PM,$5.70,$6.50,$6.10,$0.00,$0.00,$0.00,Garden Grove,"10100 Westminster Ave, Garden Grove, CA 92843",almond,coconut,matcha,jasmine,mint,jasmine
Mirakuru,4.3,344,8:00 AM,10:00 PM,$7.00,$9.50,$8.25,$0.00,$0.00,$0.00,Garden Grove,"12901 Harbor Blvd a5, Garden Grove, CA 92840",ube,strawberry_matcha,mango,strawberry_milk,apple,coffee
Airoma,4.7,1666,8:00 AM,7:00 PM,$5.50,$7.00,$6.25,$0.00,$0.00,$0.00,Garden Grove,"10246 Westminster Ave, Garden Grove, CA 92843",egg,pandan,banana,ube,pandan,peach
Urban Location Boba Tea House,3.6,876,10:00 AM,11:00 PM,$4.99,$7.50,$6.25,$4.00,$14.99,$9.50,Garden Grove,"10872 Westminster Ave #103, Garden Grove, CA 92843",creme_brulee,green_thai_tea,milk_tea,peach,taro,green_tea
7 Leaves,4.2,1411,7:00 AM,11:00 PM,$5.40,$6.90,$6.15,$0.00,$0.00,$0.00,Garden Grove,"13481 Euclid St B, Garden Grove, CA 92843",jasmine,coffee,hibiscus,jasmine,coffee,lychee
Bober,4.3,119,10:30 AM,8:00 PM,$5.25,$10.20,$7.73,$12.00,$36.00,$24.00,Garden Grove,"9520 Garden Grove Blvd #3, Garden Grove, CA 92844",milk_tea,green_milk_tea,strawberry,matcha,thai_tea,strawberry
Lollicup ,3.5,339,11:00 AM,9:00 PM,$3.20,$5.00,$4.10,$5.25,$8.25,$6.75,Garden Grove,"9862 Westminster Blvd., Garden Grove, CA 92844",green_milk_tea,mini_bobaPearl,jasmine ,almond,thai_tea,coconut
BenGong's Tea ,3.9,325,11:30 AM,10:00 PM,$5.00,$7.50,$6.25,$8.95,$8.95,$8.95,Garden Grove,"14291 Euclid St d107, Garden Grove, CA 92843",mango,peach,sesame,milk_tea,peach,red_bean
Black Pearl Tea House,4.1,426,12:00 PM,11:00 PM,$4.50,$7.50,$6.00,$2.75,$7.50,$5.13,Garden Grove,"12911 Magnolia St Ste A Garden Grove, CA 92841",ube,ube,strawberry,peach,strawberry_matcha,sea_salt
Moozi Tea Bar,4,260,11:00 AM,11:00 PM,$5.25,$7.50,$6.38,$5.50,$11.25,$8.38,Garden Grove ,"10130 Garden Grove Blvd Suite 115, Garden Grove, CA 92844",sobacha,pea_tea,mango,watermelon,passionfruit,cookies_and_cream
Happy Lemon ,4.3,98,12:00 PM,10:00 PM,$6.50,$8.00,$7.25,$7.70,$8.49,$8.10,Orange,"8261 Garden Grove Blvd, Garden Grove, CA 92844",strawberry,mango,milk_tea,jasmine,green_tea,matcha
Oiio Cafe,3.9,386,11:00 AM,9:00 PM,$4.00,$6.85,$5.43,$6.95,$9.50,$8.23,Orange,"162 N Glassell St #A, Orange, CA 92866",matcha,tiger_milk_tea,strawberry_banana,strawberry_banana,milk_tea,
bobaTEAque,4.6,439,11:30 AM,9:00 PM,$5.00,$6.75,$5.88,$0.00,$0.00,$0.00,Orange ,"1960 N Tustin St, Orange, CA 92865",black_milk,coffee,cheese,oolong ,peach,
Tai Tea Orange City,4,499,11:00 AM,9:00 PM,$2.95,$4.15,$3.55,$0.00,$0.00,$0.00,Orange ,"1315 E Katella Ave, Orange, CA 92867",thai_tea,milk_tea,green_thai_tea,milk_tea,brown_sugar,
Bloom and Brew,4.3,232,12:00 PM,7:30 AM,$5.45,$7.00,$6.23,$5.25,$8.00,$6.63,Orange ,"3338 E Chapman Ave # E, Orange, CA 92869",golden_bobaPearl,taro,milk_tea,oolong ,strawberry,
Dragonfly Tea Bar,3.6,575,11:00 AM,1:00 AM,$5.55,$7.50,$6.53,$5.25,$11.50,$8.38,Orange ,"3533 E Chapman Ave, Orange, CA 92869",almond,strawberry,taro ,jasmine,golden_bobaPearl,
R&B Tea and Fusion Restaurant ,4.2,67,10:00 AM,11:30 PM,$5.25,$6.80,$6.03,$6.35,$18.95,$12.65,Orange ,"212 E Chapman Ave, Orange, CA 92866",green_tea,brown_sugar,jasmine ,dragonfruit,strawberry_matcha,
Green Leaves Tea Cafe ,4.8,301,10:45 AM,8:00 PM,$3.70,$6.49,$5.10,$3.60,$7.95,$5.78,Orange ,"2094 N Tustin St Suite C1, Orange, CA 92865",milk_tea,black_sesame,milk_tea,jasmine,fruit,
FourTea,4.6,553,12:00 PM,9:00 PM,$4.95,$6.50,$5.73,$0.00,$0.00,$0.00,Orange ,"870 N Tustin St, Orange, CA 92867",taro,thai_tea,grapefruit,strawberry,mango,
Fruitea Boba,4.3,376,10:00 AM,9:00 PM,$4.00,$4.50,$4.25,$0.80,$1.99,$1.40,Orange ,"146 S Main St STE L, Orange, CA 92868",green_thai_tea,mango,peach,taro,fruit,
Krak Boba ,4.4,250,11:00 AM,10:00 PM,$5.15,$8.55,$6.85,$0.00,$0.00,$0.00,Santa Ana,"1945 17th St STE 105, Santa Ana, CA 92705",lychee,peach,creme_brulee,taro,brown_sugar,
T on Ice,4.7,347,11:30 AM,9:00 PM,$4.42,$6.24,$5.33,$0.00,$0.00,$0.00,Santa Ana,"120 S Harbor Blvd Suite I, Santa Ana, CA 92704",lychee,brown_sugar,thai_tea,strawberry_lemonade,peach,
Boba Junkie,4.1,393,11:00 AM,10:00 PM,$6.00,$7.65,$6.83,$4.75,$4.75,$4.75,Santa Ana,"120 S Harbor Blvd Suite I, Santa Ana, CA 92704",mango,milk_tea,caramel,horchata,matcha,
Share Tea ,3.5,541,11:00 AM,9:00 PM,$6.10,$9.70,$7.90,$8.70,$8.70,$8.70,Santa Ana,"1702 N Bristol St F, Santa Ana, CA 92706",oolong,mini_bobaPearl,black_tea,milk_tea,green_tea,
Loose Leaf Boba Company,4.3,225,12:00 PM,8:00 PM,$5.00,$7.30,$6.15,$0.00,$0.00,$0.00,Santa Ana,"201 E 4th St, Santa Ana, CA 92701",strawberry_matcha,bananas_foster,milk_tea,pandan,thai_tea,
Summerfield Tea Bar,4.1,412,1:00 PM,1:00 AM,$4.00,$8.00,$6.00,$7.00,$8.00,$7.50,Santa Ana,"1722 W 1st St g, Santa Ana, CA 92703",passionfruit,passionfruit,peach,strawberry,jasmine,
BAKO TEA HOUSE,4.4,565,12:00 PM,8:00 PM,$5.50,$7.20,$6.35,$0.00,$0.00,$0.00,Santa Ana,"31 E Macarthur Cres #106b, Santa Ana, CA 92707",oolong,oolong,matcha,sesame,rose,
Gong Cha ,4.5,111,11:00 AM,8:00 PM,$5.75,$8.50,$7.13,$2.99,$6.75,$4.87,Santa Ana,"3350 S Bristol St Unit B, Santa Ana, CA 92704",thai_tea,mango,brown_sugar,passionfruit,milk_tea,
Boba Tea Planets,4.5,77,11:00 AM,8:00 PM,$6.25,$7.35,$6.80,$6.00,$15.50,$10.75,Santa Ana,"3941 S Bristol St Ste D, Santa Ana, CA 92704",matcha,brown_sugar,taro ,strawberry,thai_tea,
Eastern Tales Thai Tea,4.6,77,12:00 PM,9:00 PM,$6.38,$7.00,$6.69,$3.50,$29.00,$16.25,Santa Ana,"2509 S Broadway, Santa Ana, CA 92707",thai_tea,thai_tea,black_tea,lychee,thai_tea,